Date,outcome,opp_score,overtime,Result,date_parsed,opponent,Attendance,home_away,team_score,Opponent
08/30/2025,T,1,False,T 1-1,08/30/2025,Carleton,213,away,1,@ Carleton
08/31/2025,W,0,False,W 3-0,08/31/2025,St. Olaf,247,away,3,@ St. Olaf
09/03/2025,L,1,False,L 0-1,09/03/2025,Messiah,250,home,0,Messiah
09/06/2025,W,1,False,W 3-1,09/06/2025,Shenandoah,146,away,3,@ Shenandoah
09/07/2025,L,2,False,L 1-2,09/07/2025,Wash. & Lee,169,away,1,@ Wash. & Lee
09/10/2025,W,1,False,W 4-1,09/10/2025,Salisbury,50,home,4,Salisbury
09/16/2025,W,0,False,W 4-0,09/16/2025,TCNJ,128,away,4,@ TCNJ
09/20/2025,L,2,False,L 1-2,09/20/2025,Swarthmore,200,home,1,Swarthmore
09/24/2025,W,0,False,W 4-0,09/24/2025,McDaniel,94,away,4,@ McDaniel
09/27/2025,W,0,False,W 2-0,09/27/2025,Haverford,120,away,2,@ Haverford
10/01/2025,W,0,False,W 2-0,10/01/2025,Mary Washington,300,home,2,Mary Washington
10/04/2025,W,0,False,W 5-0,10/04/2025,Bryn Mawr,250,home,5,Bryn Mawr
10/08/2025,W,1,False,W 4-1,10/08/2025,Gettysburg,50,away,4,@ Gettysburg
10/11/2025,L,2,False,L 1-2,10/11/2025,Washington Col.,195,home,1,Washington Col.
10/18/2025,W,0,False,W 1-0,10/18/2025,Franklin & Marshall,150,away,1,@ Franklin & Marshall
10/25/2025,W,0,False,W 3-0,10/25/2025,Muhlenberg,200,home,3,Muhlenberg
10/29/2025,W,0,False,W 2-0,10/29/2025,Dickinson,150,home,2,Dickinson
11/01/2025,W,0,False,W 2-0,11/01/2025,Ursinus,323,away,2,@ Ursinus
11/07/2025,W,0,False,W 1-0,11/07/2025,Dickinson,151,home,1,#3 Dickinson Centennial WSOC Championship
11/09/2025,W,1,False,W 2-1,11/09/2025,Swarthmore,226,away,2,@ #1 Swarthmore Centennial WSOC Championship
11/15/2025,W,0,False,W 2-0,11/15/2025,St. John Fisher,0,home,2,St. John Fisher 2025 NCAA DIII Women's Soccer Championship
11/16/2025,W,0,False,W 2-0,11/16/2025,Stevens,186,neutral,2,"Stevens @Baltimore, MD (2025 NCAA DIII Women's Soccer Championship)"
11/22/2025,L,3,False,L 1-3,11/22/2025,Emory,157,neutral,1,"Emory @Lexington, VA (2025 NCAA DIII Women's Soccer Championship)"
