Team,Conference,Region,Result,NPI Rank,NPI,Prev NPI,DIII WL,Win Value,Loss Value,QWB,vAbove,vBelow,team_id,snapshot_date,snapshot_label
Emory,UAA,REGION VI,T,1,65.229,,9-0-1,77.798,52.183,5.615,0-0,9-0-1,603553,2025-10-05,
Messiah (AQ),MAC Commonwealth,REGION V,,2,64.739,,11-0,77.161,51.791,5.369,0-0,11-0,603688,2025-10-05,
Tufts (AQ),NESCAC,REGION I,,3,64.690,,8-0-1,77.097,51.752,5.345,0-0,8-0-1,603281,2025-10-05,
WashU (AQ),UAA,REGION VIII,,4,64.443,,10-0-1,76.776,51.554,5.222,0-0,10-0-1,603722,2025-10-05,
UChicago,UAA,REGION VIII,,5,63.380,,9-0-1,75.394,50.704,4.690,0-0,9-0-1,603494,2025-10-05,
CWRU,UAA,REGION VII,,6,62.829,,11-0-1,74.678,50.263,4.415,0-0,11-0-1,603486,2025-10-05,
Pomona-Pitzer,SCIAC,REGION X,,7,62.324,,7-0-2,74.021,49.859,4.162,0-0,7-0-2,603233,2025-10-05,
Wash. & Lee (AQ),ODAC,REGION VI,,8,61.904,,8-2-1,73.475,49.523,3.952,0-1,8-1-1,603720,2025-10-05,
Carleton (AQ),MIAC,REGION IX,,9,61.770,,8-1-2,73.301,49.416,3.885,0-0,8-1-2,603450,2025-10-05,
Middlebury,NESCAC,REGION I,,10,60.948,,7-1-2,72.232,48.758,3.474,0-0,7-1-2,603200,2025-10-05,
Lake Forest (AQ),MWC,REGION IX,,11,60.678,,12-0,71.882,48.543,3.339,0-0,12-0,603665,2025-10-05,
Williams,NESCAC,REGION I,W,12,60.619,,6-1-3,71.805,48.495,3.310,0-1,6-0-3,603308,2025-10-05,
Colby,NESCAC,REGION I,,13,60.351,,5-1-3,71.456,48.281,3.176,0-1-1,5-0-2,603506,2025-10-05,
Loras (AQ),American Rivers,REGION IX,,14,60.341,,9-0-1,71.444,48.273,3.171,1-0,8-0-1,603791,2025-10-05,
Wesleyan (CT),NESCAC,REGION I,,15,60.215,,6-1-3,71.279,48.172,3.107,0-1-1,6-0-2,603294,2025-10-05,
Wis.-La Crosse (AQ),WIAC,REGION IX,,16,60.189,,11-1,71.246,48.151,3.094,0-1,11-0,603726,2025-10-05,
St. Olaf,MIAC,REGION IX,,17,60.087,,10-1-1,71.114,48.070,3.044,0-0-1,10-1,603261,2025-10-05,
Illinois Tech (AQ),NACC,REGION VIII,,18,60.046,,10-0-1,71.060,48.037,3.023,0-0,10-0-1,603762,2025-10-05,
Carnegie Mellon,UAA,REGION VII,T,19,59.998,,9-1-2,70.998,47.999,2.999,0-0-1,9-1-1,603451,2025-10-05,
Chris. Newport (AQ),C2C,REGION VI,,20,59.441,,8-1-2,70.274,47.553,2.721,0-0-2,8-1,603497,2025-10-05,
Swarthmore,Centennial,REGION V,,21,59.425,,8-1-2,70.253,47.540,2.713,1-0,7-1-2,603277,2025-10-05,
Johns Hopkins (AQ),Centennial,REGION V,,22,59.400,,8-3-1,70.220,47.520,2.700,1-3-1,7-0,603786,2025-10-05,
Occidental,SCIAC,REGION X,,23,59.387,,5-0-1,70.203,47.510,2.694,0-0-1,5-0,603223,2025-10-05,
Rhodes,SAA,REGION VI,W,24,59.339,,8-1-2,70.141,47.471,2.670,0-1,8-0-2,603244,2025-10-05,
Lycoming,Landmark,REGION V,,25,59.244,,12-0,70.017,47.395,2.622,0-0,12-0,603674,2025-10-05,
Vassar (AQ),Liberty League,REGION III,,26,58.875,,9-2,69.538,47.100,2.438,0-1,9-1,603286,2025-10-05,
Cal Lutheran (AQ),SCIAC,REGION X,,27,58.631,,8-1-1,69.220,46.904,2.315,0-1,8-0-1,603448,2025-10-05,
Lynchburg,ODAC,REGION VI,,28,58.618,,8-1-1,69.203,46.894,2.309,0-1-1,8-0,603188,2025-10-05,
Amherst,NESCAC,REGION I,,29,58.580,,6-2-2,69.154,46.864,2.290,0-2-2,6-0,603749,2025-10-05,
Claremont-M-S,SCIAC,REGION X,,30,58.463,,8-2-1,69.002,46.771,2.232,0-2,8-0-1,603764,2025-10-05,
Rowan,NJAC,REGION IV,,31,58.264,,8-1,68.743,46.611,2.132,1-0,7-1,603589,2025-10-05,
St. Catherine,MIAC,REGION IX,,32,58.257,,9-2,68.735,46.606,2.129,0-2,9-0,603703,2025-10-05,
Misericordia,MAC Freedom,REGION IV,,33,58.095,,8-2-1,68.523,46.476,2.047,0-1,8-1-1,603743,2025-10-05,
NYU,UAA,REGION IV,,34,58.003,,8-2-2,68.403,46.402,2.001,1-2,7-0-2,603215,2025-10-05,
Rochester (NY),UAA,REGION III,,35,57.996,,5-1-4,68.395,46.397,1.998,1-1,4-0-4,603248,2025-10-05,
Centre,SAA,REGION VI,L,36,57.990,,9-2-1,68.387,46.392,1.995,0-2,9-0-1,603492,2025-10-05,
Brandeis,UAA,REGION II,,37,57.986,,6-1-3,68.381,46.388,1.993,0-1,6-0-3,603441,2025-10-05,
Hope,Michigan Intercol. Ath. Assn.,REGION VIII,,38,57.967,,7-2-2,68.358,46.374,1.984,0-2-2,7-0,603621,2025-10-05,
Mary Washington,C2C,REGION VI,,39,57.903,,8-2-1,68.274,46.323,1.952,1-1,7-1-1,603194,2025-10-05,
Bridgewater (VA),ODAC,REGION VI,,40,57.867,,8-3,68.227,46.293,1.933,2-1,6-2,603442,2025-10-05,
Franklin & Marshall,Centennial,REGION V,,41,57.806,,6-2-2,68.147,46.245,1.903,0-2,6-0-2,603578,2025-10-05,
Va. Wesleyan,ODAC,REGION VI,,42,57.515,,8-2-1,67.770,46.012,1.758,1-2,7-0-1,603287,2025-10-05,
Dickinson,Centennial,REGION V,,43,57.457,,7-2-2,67.694,45.966,1.728,1-0-1,6-2-1,603526,2025-10-05,
MIT (AQ),NEWMAC,REGION II,,44,57.302,,9-2,67.492,45.841,1.651,0-2,9-0,603685,2025-10-05,
Arcadia,MAC Freedom,REGION IV,,45,57.293,,7-1-3,67.481,45.835,1.647,0-0-2,7-1-1,603326,2025-10-05,
Trinity (TX) (AQ),SAA,REGION VI,T,46,57.250,,6-1-3,67.425,45.800,1.625,0-1,6-0-3,603717,2025-10-05,
Suffolk,CNE,REGION II,,47,57.120,,8-1-2,67.256,45.696,1.560,0-0,8-1-2,603275,2025-10-05,
Trine,Michigan Intercol. Ath. Assn.,REGION VIII,,48,57.087,,5-2-2,67.214,45.670,1.544,0-0-1,5-2-1,603415,2025-10-05,
RIT,Liberty League,REGION III,,49,56.910,,5-1-5,66.983,45.528,1.455,0-1-2,5-0-3,603247,2025-10-05,
Hardin-Simmons (AQ),ASC,REGION X,,50,56.898,,7-1-2,66.967,45.518,1.449,0-1,7-0-2,603779,2025-10-05,
Brevard (AQ),USA South,REGION VI,,51,56.894,,7-0,66.962,45.515,1.447,0-0,7-0,603484,2025-10-05,
Bowdoin,NESCAC,REGION I,,52,56.825,,6-3,66.873,45.460,1.413,1-2,5-1,603440,2025-10-05,
Babson,NEWMAC,REGION II,,53,56.694,,4-1-4,66.702,45.355,1.347,1-0-1,3-1-3,603433,2025-10-05,
Sewanee,SAA,REGION VI,W,54,56.570,,6-1-2,66.541,45.256,1.285,0-1-1,6-0-1,603709,2025-10-05,
Scranton (AQ),Landmark,REGION V,,55,56.506,,7-2-2,66.457,45.205,1.253,1-2-1,6-0-1,603706,2025-10-05,
Marywood,Atlantic East,REGION V,,56,56.430,,10-1,66.358,45.144,1.215,0-0,10-1,603682,2025-10-05,
William Smith,Liberty League,REGION III,,57,56.412,,7-2-2,66.336,45.130,1.206,0-2-1,7-0-1,603466,2025-10-05,
North Central (IL) (AQ),CCIW,REGION VIII,,58,56.133,,6-5,65.973,44.906,1.066,1-5,5-0,603697,2025-10-05,
SUNY Brockport,Empire 8,REGION III,,59,56.042,,6-0-3,65.854,44.833,1.021,0-0,6-0-3,603443,2025-10-05,
Union (NY),Liberty League,REGION III,,60,56.012,,7-2-2,65.816,44.810,1.006,0-1-1,7-1-1,603283,2025-10-05,
Hamilton,NESCAC,REGION I,W,61,55.992,,4-4-3,65.789,44.793,0.996,1-4-2,3-0-1,603600,2025-10-05,
WPI,NEWMAC,REGION II,,62,55.957,,7-3-2,65.745,44.766,0.979,1-3,6-0-2,603318,2025-10-05,
Roger Williams,CNE,REGION II,,63,55.953,,7-1-3,65.739,44.763,0.977,0-0,7-1-3,603250,2025-10-05,
Lebanon Valley,MAC Freedom,REGION IV,,64,55.953,,7-1-2,65.739,44.762,0.976,0-0-1,7-1-1,603668,2025-10-05,
Cortland (AQ),SUNYAC,REGION III,,65,55.842,,5-2-3,65.595,44.674,0.921,1-2-1,4-0-2,603517,2025-10-05,
Hartford (AQ),CNE,REGION II,,66,55.839,,7-2-2,65.590,44.671,0.919,0-1,7-1-2,603563,2025-10-05,
Penn St.-Behrend (AQ),AMCC,REGION VII,,67,55.779,,6-3-2,65.513,44.623,0.890,0-3,6-0-2,603701,2025-10-05,
Calvin (AQ),Michigan Intercol. Ath. Assn.,REGION VIII,,68,55.727,,6-4,65.445,44.582,0.864,0-4,6-0,603757,2025-10-05,
John Carroll (AQ),NCAC,REGION VII,,69,55.450,,7-3-1,65.085,44.360,0.725,0-2-1,7-1,603635,2025-10-05,
Montclair St. (AQ),NJAC,REGION IV,,70,55.359,,6-0-4,64.967,44.287,0.679,0-0,6-0-4,603204,2025-10-05,
U New England,CNE,REGION II,,71,55.277,,8-2-2,64.860,44.221,0.638,0-1-1,8-1-1,603349,2025-10-05,
Oglethorpe,SAA,REGION VI,W,72,55.146,,6-2,64.689,44.116,0.573,0-2,6-0,603365,2025-10-05,
Trinity (CT),NESCAC,REGION I,,73,55.042,,4-3-2,64.555,44.034,0.521,0-3-2,4-0,603280,2025-10-05,
Capital,OAC,REGION VII,,74,55.013,,6-3-1,64.516,44.010,0.506,0-2-1,6-1,603449,2025-10-05,
UW-River Falls,WIAC,REGION IX,,75,54.927,,9-3,64.405,43.942,0.464,0-2,9-1,603312,2025-10-05,
Penn College,United East,REGION IV,,76,54.653,,10-0-2,64.049,43.722,0.326,0-0,10-0-2,603481,2025-10-05,
Washington Col.,Centennial,REGION V,,77,54.375,,6-3-1,63.687,43.500,0.187,0-3,6-0-1,603290,2025-10-05,
Denison,NCAC,REGION VII,,78,54.285,,5-3-3,63.570,43.428,0.142,1-2-1,4-1-2,603525,2025-10-05,
Wittenberg,NCAC,REGION VII,,79,54.275,,5-1-3,63.558,43.420,0.138,0-1,5-0-3,603316,2025-10-05,
York (PA),MAC Commonwealth,REGION V,,80,54.242,,7-3-2,63.514,43.393,0.121,0-3,7-0-2,603321,2025-10-05,
Central (IA),American Rivers,REGION IX,,81,54.090,,6-2-1,63.317,43.272,0.045,0-1,6-1-1,603491,2025-10-05,
Puget Sound (AQ),NWC,REGION X,T,82,54.041,,5-2-3,63.253,43.232,0.020,0-2,5-0-3,603236,2025-10-05,
Emmanuel (MA) (AQ),Great Northeast,REGION I,,83,54.029,,6-2-2,63.238,43.223,0.015,0-1-1,6-1-1,603769,2025-10-05,
Wooster,NCAC,REGION VII,,84,53.994,,8-2-1,63.195,43.195,0.000,0-1,8-1-1,603317,2025-10-05,
Skidmore,Liberty League,REGION III,,85,53.852,,4-2-3,63.082,43.082,0.000,0-1-1,4-1-2,603269,2025-10-05,
Lasell,Great Northeast,REGION I,,86,53.743,,6-1-2,62.994,42.994,0.000,0-1,6-0-2,603373,2025-10-05,
Emerson,NEWMAC,REGION II,,87,53.726,,4-3-3,62.981,42.981,0.000,0-2-2,4-1-1,603550,2025-10-05,
Endicott,CNE,REGION II,,88,53.691,,6-5-1,62.953,42.953,0.000,2-3-1,4-2,603383,2025-10-05,
Pacific Lutheran,NWC,REGION X,W,89,53.618,,4-2-4,62.894,42.894,0.000,0-2-2,4-0-2,603739,2025-10-05,
Saint Vincent,PAC,REGION VII,,90,53.579,,8-1-1,62.864,42.864,0.000,0-0,8-1-1,603461,2025-10-05,
Eastern,MAC Commonwealth,REGION V,,91,53.565,,7-1-3,62.852,42.852,0.000,0-1-1,7-0-2,603382,2025-10-05,
Bates,NESCAC,REGION I,L,92,53.523,,3-3-3,62.818,42.818,0.000,0-3-3,3-0,603435,2025-10-05,
Stevens (AQ),MAC Freedom,REGION IV,W,93,53.407,,4-2-6,62.725,42.725,0.000,0-1-3,4-1-3,603273,2025-10-05,
Saint Mary's (MN),MIAC,REGION IX,,94,53.379,,8-2-2,62.703,42.703,0.000,0-0,8-2-2,603259,2025-10-05,
Wis.-Platteville,WIAC,REGION IX,,95,53.378,,6-3-2,62.703,42.703,0.000,0-1,6-2-2,603311,2025-10-05,
TCNJ,NJAC,REGION IV,,96,53.336,,4-4-4,62.668,42.668,0.000,0-3-3,4-1-1,603714,2025-10-05,
Dubuque,American Rivers,REGION IX,,97,53.287,,4-1-5,62.629,42.629,0.000,1-1,3-0-5,603531,2025-10-05,
Albion,Michigan Intercol. Ath. Assn.,REGION VIII,,98,53.252,,6-2,62.602,42.602,0.000,0-2,6-0,603422,2025-10-05,
Ursinus,Centennial,REGION V,,99,53.245,,6-3-2,62.596,42.596,0.000,0-2,6-1-2,603284,2025-10-05,
Kalamazoo,Michigan Intercol. Ath. Assn.,REGION VIII,,100,53.243,,8-3-1,62.595,42.595,0.000,0-2,8-1-1,603645,2025-10-05,
Connecticut Col.,NESCAC,REGION I,,101,53.209,,4-5,62.567,42.567,0.000,1-5,3-0,603512,2025-10-05,
SUNY New Paltz,SUNYAC,REGION III,,102,53.101,,5-3-2,62.481,42.481,0.000,0-2-2,5-1,603694,2025-10-05,
WestConn,Little East,REGION I,,103,53.087,,8-4-1,62.469,42.469,0.000,0-3,8-1-1,603295,2025-10-05,
Eastern Conn. St.,Little East,REGION I,,104,53.065,,6-2-2,62.452,42.452,0.000,0-2,6-0-2,603537,2025-10-05,
Elizabethtown,Landmark,REGION V,,105,53.006,,4-2-4,62.405,42.405,0.000,0-2-1,4-0-3,603542,2025-10-05,
Clark (MA),NEWMAC,REGION II,,106,52.965,,4-2-4,62.372,42.372,0.000,0-1-3,4-1-1,603499,2025-10-05,
Berry,SAA,REGION VI,T,107,52.929,,6-2-3,62.343,42.343,0.000,0-1-1,5-1-2,603327,2025-10-05,
Mary Baldwin,USA South,REGION VI,W,108,52.919,,8-1-1,62.335,42.335,0.000,0-0,7-1-1,603421,2025-10-05,
Wheaton (MA),NEWMAC,REGION II,,109,52.913,,6-4,62.330,42.330,0.000,2-3,4-1,603300,2025-10-05,
Kenyon,NCAC,REGION VII,,110,52.904,,7-1-3,62.323,42.323,0.000,1-1,6-0-3,603654,2025-10-05,
MSOE,NACC,REGION VIII,,111,52.868,,6-4-2,62.295,42.295,0.000,0-4,6-0-2,603398,2025-10-05,
St. Lawrence,Liberty League,REGION III,,112,52.833,,5-3-3,62.266,42.266,0.000,0-3-2,5-0-1,603257,2025-10-05,
Chapman,SCIAC,REGION X,,113,52.825,,4-3-3,62.260,42.260,0.000,0-3-1,4-0-2,603493,2025-10-05,
Stockton,NJAC,REGION IV,,114,52.773,,5-2-5,62.218,42.218,0.000,1-2-1,4-0-4,603274,2025-10-05,
Elmhurst,CCIW,REGION VIII,,115,52.771,,8-2-2,62.217,42.217,0.000,1-1,7-1-2,603545,2025-10-05,
Simpson,American Rivers,REGION IX,,116,52.761,,6-3-2,62.209,42.209,0.000,0-3,6-0-2,603268,2025-10-05,
Texas Lutheran,SCAC,REGION X,W,117,52.736,,5-3,62.189,42.189,0.000,0-3,5-0,603356,2025-10-05,
Dominican (IL),NACC,REGION VIII,,118,52.710,,6-3-1,62.168,42.168,0.000,0-2-1,6-1,603353,2025-10-05,
Otterbein,OAC,REGION VII,,119,52.702,,5-4-1,62.162,42.162,0.000,2-2-1,3-2,603229,2025-10-05,
Gettysburg,Centennial,REGION V,,120,52.692,,5-3-2,62.154,42.154,0.000,0-2-1,5-1-1,603586,2025-10-05,
Stevenson,MAC Commonwealth,REGION V,,121,52.687,,5-2-4,62.150,42.150,0.000,1-1-1,4-1-3,603400,2025-10-05,
Rhode Island Col.,Little East,REGION I,,122,52.602,,7-2,62.082,42.082,0.000,0-1,7-1,603243,2025-10-05,
Guilford,ODAC,REGION VI,,123,52.529,,6-2-2,62.023,42.023,0.000,1-1,4-1-2,603334,2025-10-05,
Mary Hardin-Baylor,ASC,REGION X,,124,52.508,,3-4-4,62.006,42.006,0.000,0-3-3,3-1-1,603346,2025-10-05,
UMSV,Skyline,REGION III,,125,52.506,,6-1-2,62.005,42.005,0.000,0-1,6-0-2,603207,2025-10-05,
St. John Fisher (AQ),Empire 8,REGION III,,126,52.493,,6-3-2,61.995,41.995,0.000,0-2-1,6-1-1,603255,2025-10-05,
Whittier,SCIAC,REGION X,,127,52.471,,2-2-3,61.976,41.976,0.000,0-2-2,2-0-1,603302,2025-10-05,
McMurry (AQ),SCAC,REGION X,W,128,52.444,,5-2-2,61.955,41.955,0.000,0-2,5-0-2,603375,2025-10-05,
Carroll (WI),CCIW,REGION VIII,,129,52.292,,4-3-3,61.834,41.834,0.000,1-3-1,3-0-2,603452,2025-10-05,
Spalding (AQ),SLIAC,REGION VIII,,130,52.287,,8-3-1,61.830,41.830,0.000,0-1,8-2-1,603404,2025-10-05,
St. Thomas (TX),SCAC,REGION X,,131,52.266,,4-1-3,61.812,41.812,0.000,0-0-2,4-1-1,603417,2025-10-05,
Wis.-Stevens Point,WIAC,REGION IX,,132,52.241,,5-4-4,61.793,41.793,0.000,1-3-1,4-1-3,603313,2025-10-05,
Wheaton (IL),CCIW,REGION VIII,,133,52.228,,4-4-3,61.783,41.783,0.000,3-2,1-2-3,603299,2025-10-05,
Albertus Magnus,Great Northeast,REGION I,,134,52.111,,8-1-2,61.689,41.689,0.000,0-0-1,8-1-1,603370,2025-10-05,
Edgewood,NACC,REGION VIII,,135,52.095,,7-4-1,61.676,41.676,0.000,0-4-1,7-0,603332,2025-10-05,
Rensselaer,Liberty League,REGION III,,136,52.038,,4-4-2,61.631,41.631,0.000,0-3-2,4-1,603242,2025-10-05,
McDaniel,Centennial,REGION V,,137,52.006,,4-4-3,61.605,41.605,0.000,0-4-1,4-0-2,603296,2025-10-05,
Lancaster Bible,United East,REGION IV,,138,51.943,,6-3,61.555,41.555,0.000,1-2,5-1,603471,2025-10-05,
Maryville (TN),CCS,REGION VI,,139,51.942,,6-5,61.554,41.554,0.000,2-4,4-1,603678,2025-10-05,
St. Joseph's (L.I.) (AQ),Skyline,REGION III,,140,51.914,,7-2-1,61.531,41.531,0.000,1-0-1,6-2,603354,2025-10-05,
Houghton,Empire 8,REGION III,,141,51.913,,7-3-1,61.531,41.531,0.000,1-1-1,6-2,603474,2025-10-05,
Carthage,CCIW,REGION VIII,,142,51.893,,6-4-2,61.514,41.514,0.000,0-2-1,6-2-1,603453,2025-10-05,
UC Santa Cruz,C2C,REGION X,,143,51.847,,3-5-1,61.477,41.477,0.000,1-5,2-0-1,603755,2025-10-05,
DePauw,NCAC,REGION VII,,144,51.842,,6-4-1,61.473,41.473,0.000,2-3,4-1-1,603767,2025-10-05,
Worcester St.,MASCAC,REGION II,,145,51.764,,7-3-1,61.411,41.411,0.000,2-3,5-0-1,603319,2025-10-05,
Roanoke,ODAC,REGION VI,,146,51.654,,5-6-1,61.323,41.323,0.000,1-6,4-0-1,603246,2025-10-05,
Southern Va.,USA South,REGION VI,,147,51.571,,5-4,61.257,41.257,0.000,0-3,5-1,603476,2025-10-05,
Webster,SLIAC,REGION VIII,,148,51.550,,8-3,61.240,41.240,0.000,0-1,8-2,603291,2025-10-05,
Wilmington (OH) (AQ),OAC,REGION VII,,149,51.526,,6-3-2,61.221,41.221,0.000,2-2,4-1-2,603361,2025-10-05,
North Park,CCIW,REGION VIII,,150,51.506,,5-6,61.204,41.204,0.000,1-5,4-1,603220,2025-10-05,
Gustavus Adolphus,MIAC,REGION IX,,151,51.458,,5-3-4,61.166,41.166,0.000,0-2,5-1-4,603597,2025-10-05,
Fredonia,SUNYAC,REGION III,,152,51.405,,5-4-3,61.124,41.124,0.000,1-3-1,4-1-2,603581,2025-10-05,
Wis.-Oshkosh,WIAC,REGION IX,,153,51.370,,4-3-3,61.096,41.096,0.000,1-2-2,3-1-1,603310,2025-10-05,
Waynesburg,PAC,REGION VII,,154,51.345,,8-1-2,61.076,41.076,0.000,0-0,7-1-2,603357,2025-10-05,
Ithaca,Liberty League,REGION III,,155,51.331,,3-4-3,61.065,41.065,0.000,0-4-2,3-0-1,603780,2025-10-05,
Wis.-Stout,WIAC,REGION IX,,156,51.324,,6-4-2,61.059,41.059,0.000,0-3-2,6-1,603314,2025-10-05,
Southwestern (TX),SAA,REGION VI,L,157,51.239,,3-3-3,60.992,40.992,0.000,0-3-2,3-0-1,603380,2025-10-05,
Widener,MAC Commonwealth,REGION V,,158,51.195,,4-4-3,60.956,40.956,0.000,0-4-1,4-0-2,603303,2025-10-05,
Nazareth,Empire 8,REGION III,,159,51.180,,4-4-2,60.944,40.944,0.000,1-4-1,3-0-1,603211,2025-10-05,
Grove City (AQ),PAC,REGION VII,,160,51.156,,4-4-2,60.925,40.925,0.000,1-4-1,3-0-1,603775,2025-10-05,
East Tex. Baptist,ASC,REGION X,,161,51.116,,4-3-3,60.893,40.893,0.000,1-3-1,3-0-2,603331,2025-10-05,
Ill. Wesleyan,CCIW,REGION VIII,,162,51.114,,5-5-1,60.891,40.891,0.000,0-5-1,5-0,603630,2025-10-05,
Methodist,USA South,REGION VI,,163,51.052,,2-1-5,60.842,40.842,0.000,0-1-2,2-0-3,603691,2025-10-05,
Concordia Wisconsin,NACC,REGION VIII,,164,51.002,,4-5-3,60.802,40.802,0.000,1-5-2,3-0-1,603329,2025-10-05,
Western New Eng.,CNE,REGION II,,165,50.934,,4-4-3,60.747,40.747,0.000,1-4-1,3-0-2,603297,2025-10-05,
Wellesley,NEWMAC,REGION II,,166,50.907,,5-4-1,60.726,40.726,0.000,1-3,4-1-1,603292,2025-10-05,
Augsburg,MIAC,REGION IX,,167,50.848,,5-5,60.678,40.678,0.000,2-4,3-1,603429,2025-10-05,
Linfield,NWC,REGION X,L,168,50.798,,4-2-4,60.638,40.638,0.000,0-2-2,4-0-2,603342,2025-10-05,
Catholic,Landmark,REGION V,,169,50.715,,4-6-1,60.572,40.572,0.000,1-5,3-1-1,603489,2025-10-05,
Utica,Empire 8,REGION III,,170,50.676,,6-3-3,60.541,40.541,0.000,1-2-2,5-1-1,603285,2025-10-05,
Lawrence,MWC,REGION IX,,171,50.644,,4-3-5,60.515,40.515,0.000,0-3-3,4-0-2,603788,2025-10-05,
Saint Benedict,MIAC,REGION IX,,172,50.633,,5-7,60.507,40.507,0.000,2-6,3-1,603254,2025-10-05,
Drew,Landmark,REGION V,,173,50.610,,4-4-2,60.488,40.488,0.000,0-4-2,4-0,603529,2025-10-05,
Randolph-Macon,ODAC,REGION VI,,174,50.558,,5-4-2,60.446,40.446,0.000,0-4-2,5-0,603238,2025-10-05,
Alfred,Empire 8,REGION III,,175,50.526,,6-4-2,60.420,40.420,0.000,1-4,5-0-2,603424,2025-10-05,
Hartwick,Empire 8,REGION III,,176,50.512,,5-2-4,60.410,40.410,0.000,1-1-2,4-1-2,603606,2025-10-05,
Shenandoah,ODAC,REGION VI,,177,50.482,,3-6-3,60.386,40.386,0.000,1-5-3,2-1,603266,2025-10-05,
Mount Union,OAC,REGION VII,,178,50.476,,3-4-2,60.381,40.381,0.000,0-4-2,3-0,603208,2025-10-05,
Oswego St.,SUNYAC,REGION III,,179,50.460,,5-3-2,60.368,40.368,0.000,1-3,4-0-2,603228,2025-10-05,
Whitman,NWC,REGION X,T,180,50.397,,2-0-4,60.317,40.317,0.000,0-0-1,2-0-3,603301,2025-10-05,
Haverford,Centennial,REGION V,,181,50.360,,3-5-3,60.288,40.288,0.000,1-5-2,2-0-1,603609,2025-10-05,
Wartburg,American Rivers,REGION IX,,182,50.256,,5-6,60.205,40.205,0.000,1-6,4-0,603288,2025-10-05,
Rose-Hulman (AQ),HCAC,REGION VII,,183,50.248,,3-5-1,60.199,40.199,0.000,1-4-1,2-1,603251,2025-10-05,
Ohio Wesleyan,NCAC,REGION VII,,184,50.246,,3-4-5,60.197,40.197,0.000,0-3-2,3-1-3,603224,2025-10-05,
Kean,NJAC,REGION IV,,185,50.203,,5-4-1,60.163,40.163,0.000,0-3,5-1-1,603648,2025-10-05,
St. Mary's (IN),Michigan Intercol. Ath. Assn.,REGION VIII,,186,50.136,,5-2-2,60.108,40.108,0.000,0-2-1,5-0-1,603379,2025-10-05,
Penn St. Harrisburg (AQ),United East,REGION IV,L,187,50.135,,6-5-2,60.108,40.108,0.000,1-5-2,5-0,603760,2025-10-05,
Merchant Marine,Skyline,REGION III,,188,50.128,,6-3-2,60.103,40.103,0.000,1-3-1,5-0-1,603306,2025-10-05,
SUNY Potsdam,SUNYAC,REGION III,,189,50.049,,4-3-2,60.040,40.040,0.000,1-2-1,3-1-1,603234,2025-10-05,
New Jersey City,NJAC,REGION IV,,190,50.038,,7-4-1,60.031,40.031,0.000,0-4-1,7-0,603634,2025-10-05,
SUNY Oneonta,SUNYAC,REGION III,,191,49.966,,2-4-3,59.973,39.973,0.000,1-4-3,1-0,603227,2025-10-05,
Wilkes,Landmark,REGION V,,192,49.923,,4-4-3,59.938,39.938,0.000,0-4-1,4-0-2,603304,2025-10-05,
Southern Me. (AQ),Little East,REGION I,L,193,49.911,,3-6-1,59.928,39.928,0.000,0-6,3-0-1,603711,2025-10-05,
Ramapo,NJAC,REGION IV,,194,49.880,,4-4-2,59.904,39.904,0.000,1-3-1,3-1-1,603237,2025-10-05,
Wis.-Whitewater,WIAC,REGION IX,,195,49.870,,5-4-4,59.896,39.896,0.000,1-3-2,4-1-2,603315,2025-10-05,
Buffalo St.,SUNYAC,REGION III,,196,49.861,,6-4-2,59.889,39.889,0.000,1-3-2,5-1,603447,2025-10-05,
Wm. Paterson,NJAC,REGION IV,,197,49.852,,6-4-1,59.882,39.882,0.000,1-3-1,5-1,603307,2025-10-05,
JWU (Providence),CNE,REGION II,,198,49.852,,4-7-1,59.881,39.881,0.000,1-6-1,3-1,603402,2025-10-05,
Asbury,CCS,REGION VI,,199,49.808,,5-3-1,59.847,39.847,0.000,0-3,5-0-1,603418,2025-10-05,
Ohio Northern,OAC,REGION VII,,200,49.802,,2-5-3,59.842,39.842,0.000,1-5-2,1-0-1,603699,2025-10-05,
Rivier,Great Northeast,REGION I,,201,49.741,,5-4-2,59.792,39.792,0.000,0-3-2,5-1,603397,2025-10-05,
St. Mary's (MD),United East,REGION IV,,202,49.674,,6-4-2,59.739,39.739,0.000,1-4-2,4-0,603258,2025-10-05,
Hanover,HCAC,REGION VII,,203,49.520,,3-5-2,59.616,39.616,0.000,2-5-2,1-0,603335,2025-10-05,
Macalester,MIAC,REGION IX,,204,49.502,,3-5-1,59.601,39.601,0.000,1-5-1,2-0,603189,2025-10-05,
Anderson (IN),HCAC,REGION VII,,205,49.487,,3-1-2,59.590,39.590,0.000,0-1-1,3-0-1,603323,2025-10-05,
Rutgers-Newark,NJAC,REGION IV,,206,49.486,,7-4-1,59.589,39.589,0.000,1-2,6-2-1,603253,2025-10-05,
Norwich,Great Northeast,REGION I,,207,49.422,,4-3-3,59.538,39.538,0.000,0-1-1,4-2-2,603221,2025-10-05,
Clarkson,Liberty League,REGION III,,208,49.387,,2-5-3,59.510,39.510,0.000,0-5-3,2-0,603501,2025-10-05,
Husson,North Atlantic,REGION I,,209,49.376,,5-3-1,59.501,39.501,0.000,0-3,5-0-1,603736,2025-10-05,
Juniata,Landmark,REGION V,,210,49.373,,4-2-4,59.499,39.499,0.000,0-1-1,4-1-3,603642,2025-10-05,
Belhaven (AQ),CCS,REGION VI,,211,49.351,,5-3-2,59.481,39.481,0.000,0-2-1,5-1-1,603482,2025-10-05,
UMass Boston,Little East,REGION I,,212,49.312,,4-5-2,59.449,39.449,0.000,0-5-1,4-0-1,603197,2025-10-05,
Plattsburgh St.,SUNYAC,REGION III,,213,49.311,,5-6,59.449,39.449,0.000,2-6,3-0,603231,2025-10-05,
UMass Dartmouth,Little East,REGION I,,214,49.288,,3-5-3,59.430,39.430,0.000,1-4-1,2-1-2,603271,2025-10-05,
Mt. St. Joseph,HCAC,REGION VII,,215,49.267,,3-6-3,59.414,39.414,0.000,1-5-3,2-1,603742,2025-10-05,
Salisbury,C2C,REGION V,,216,49.140,,2-8-3,59.312,39.312,0.000,1-8-3,1-0,603264,2025-10-05,
Marietta,OAC,REGION VII,,217,49.132,,3-3-5,59.306,39.306,0.000,0-3-2,3-0-3,603193,2025-10-05,
Greenville,SLIAC,REGION VIII,,218,49.126,,4-6,59.301,39.301,0.000,1-5,3-1,603734,2025-10-05,
Hamline,MIAC,REGION IX,,219,49.124,,3-4-5,59.299,39.299,0.000,0-4-2,3-0-3,603603,2025-10-05,
Wentworth,CNE,REGION II,,220,49.068,,4-2-5,59.254,39.254,0.000,1-2,3-0-5,603293,2025-10-05,
Keene St.,Little East,REGION I,,221,49.046,,3-4-6,59.236,39.236,0.000,1-3-5,2-1-1,603651,2025-10-05,
Maine Maritime,North Atlantic,REGION I,,222,48.943,,5-1,59.155,39.155,0.000,0-1,5-0,603190,2025-10-05,
Heidelberg,OAC,REGION VII,,223,48.872,,3-5-2,59.098,39.098,0.000,1-5,2-0-2,603611,2025-10-05,
Howard Payne,ASC,REGION X,,224,48.841,,5-5,59.072,39.072,0.000,0-5,5-0,603367,2025-10-05,
Wis. Lutheran,NACC,REGION VIII,,225,48.837,,7-2,59.069,39.069,0.000,0-2,7-0,603381,2025-10-05,
Millikin,CCIW,REGION VIII,,226,48.816,,3-6-3,59.052,39.052,0.000,0-6-2,3-0-1,603201,2025-10-05,
Springfield,NEWMAC,REGION II,,227,48.813,,3-6,59.050,39.050,0.000,0-6,3-0,603272,2025-10-05,
FDU-Florham,MAC Freedom,REGION IV,,228,48.809,,5-5-1,59.047,39.047,0.000,1-5-1,4-0,603568,2025-10-05,
Susquehanna,Landmark,REGION V,,229,48.646,,5-7,58.916,38.916,0.000,1-6,4-1,603276,2025-10-05,
Covenant,CCS,REGION VI,,230,48.643,,2-7-2,58.914,38.914,0.000,2-7-1,0-0-1,603472,2025-10-05,
Greensboro,USA South,REGION VI,,231,48.639,,6-4-1,58.911,38.911,0.000,0-4-1,4-0,603592,2025-10-05,
Piedmont,CCS,REGION VI,W,232,48.603,,10-4,58.883,38.883,0.000,0-4,8-0,603399,2025-10-05,
SUNY Geneseo,Empire 8,REGION III,,233,48.598,,2-4-4,58.879,38.879,0.000,0-4-4,2-0,603772,2025-10-05,
Marian (WI),NACC,REGION VIII,,234,48.539,,5-5-3,58.831,38.831,0.000,0-4-3,5-1,603345,2025-10-05,
Marymount (VA) (AQ),Atlantic East,REGION V,,235,48.534,,4-6-2,58.827,38.827,0.000,1-5-1,3-1-1,603195,2025-10-05,
VTSU Castleton,Little East,REGION I,,236,48.520,,5-6,58.816,38.816,0.000,1-6,4-0,603487,2025-10-05,
Mount Aloysius,AMCC,REGION VII,,237,48.520,,3-5-2,58.816,38.816,0.000,0-5-1,3-0-1,603414,2025-10-05,
Salve Regina,NEWMAC,REGION II,,238,48.453,,3-6-1,58.763,38.763,0.000,1-6-1,2-0,603265,2025-10-05,
Lesley (AQ),North Atlantic,REGION I,,239,48.386,,4-2-5,58.708,38.708,0.000,0-1-4,4-1-1,603406,2025-10-05,
John Jay (AQ),CUNYAC,REGION IV,,240,48.318,,4-2-3,58.654,38.654,0.000,0-2,4-0-2,603784,2025-10-05,
Luther,American Rivers,REGION IX,,241,48.293,,4-5-1,58.635,38.635,0.000,0-5-1,4-0,603671,2025-10-05,
Wis.-Eau Claire,WIAC,REGION IX,,242,48.157,,2-7-3,58.526,38.526,0.000,2-7-3,0-0,603309,2025-10-05,
Bryn Mawr,Centennial,REGION V,,243,48.111,,5-6,58.489,38.489,0.000,0-5,5-1,603445,2025-10-05,
St. Scholastica,MIAC,REGION IX,,244,48.097,,3-6-3,58.478,38.478,0.000,0-6-3,3-0,603262,2025-10-05,
Wis.-Superior (AQ),UMAC,REGION IX,,245,48.074,,5-4-2,58.459,38.459,0.000,0-4,5-0-2,603729,2025-10-05,
Grinnell,MWC,REGION IX,,246,48.071,,3-5-3,58.457,38.457,0.000,1-5-1,2-0-2,603594,2025-10-05,
Penn St.-Berks,United East,REGION IV,,247,48.071,,4-5-2,58.457,38.457,0.000,0-5-1,3-0-1,603459,2025-10-05,
La Verne,SCIAC,REGION X,,248,47.980,,0-3-4,58.384,38.384,0.000,0-3-2,0-0-2,603662,2025-10-05,
Pitt.-Greensburg,AMCC,REGION VII,,249,47.945,,4-6-2,58.356,38.356,0.000,1-5-1,3-1-1,603389,2025-10-05,
Geneva,PAC,REGION VII,,250,47.885,,3-4-4,58.308,38.308,0.000,1-4-1,2-0-3,603468,2025-10-05,
Caltech,SCIAC,REGION X,,251,47.828,,1-4,58.262,38.262,0.000,0-4,1-0,603638,2025-10-05,
Gordon,CNE,REGION II,,252,47.697,,3-7-1,58.157,38.157,0.000,0-7,3-0-1,603731,2025-10-05,
Pacific (OR),NWC,REGION X,T,253,47.619,,1-3-5,58.096,38.096,0.000,0-3-3,1-0-2,603368,2025-10-05,
Alma,Michigan Intercol. Ath. Assn.,REGION VIII,,254,47.618,,3-4,58.095,38.095,0.000,0-4,3-0,603427,2025-10-05,
Alvernia,MAC Commonwealth,REGION V,,255,47.525,,3-5-3,58.020,38.020,0.000,1-4-2,2-1-1,603322,2025-10-05,
Illinois Col.,MWC,REGION IX,,256,47.467,,5-6-2,57.973,37.973,0.000,0-6-1,5-0-1,603628,2025-10-05,
Salem St.,MASCAC,REGION II,,257,47.447,,6-3-2,57.957,37.957,0.000,2-1,4-2-2,603263,2025-10-05,
Monmouth (IL),MWC,REGION IX,,258,47.413,,5-3-2,57.930,37.930,0.000,0-3-1,5-0-1,603203,2025-10-05,
St. Joseph's (ME),Great Northeast,REGION I,,259,47.388,,4-5,57.910,37.910,0.000,0-5,4-0,603256,2025-10-05,
Plymouth St.,Little East,REGION I,,260,47.385,,4-7,57.908,37.908,0.000,1-7,3-0,603232,2025-10-05,
Rutgers-Camden,NJAC,REGION IV,,261,47.257,,1-5-5,57.806,37.806,0.000,1-4-3,0-1-2,603252,2025-10-05,
Elms,Great Northeast,REGION I,,262,47.230,,6-5,57.784,37.784,0.000,1-5,5-0,603230,2025-10-05,
Chatham,PAC,REGION VII,,263,47.039,,6-3-2,57.631,37.631,0.000,0-2-1,5-1-1,603386,2025-10-05,
DeSales,MAC Freedom,REGION IV,,264,47.025,,3-5-2,57.620,37.620,0.000,1-3-1,2-2-1,603426,2025-10-05,
Austin,SCAC,REGION X,W,265,46.972,,3-3-1,57.578,37.578,0.000,0-2-1,3-1,603324,2025-10-05,
Salem (NC),USA South,REGION VI,,266,46.912,,3-4-3,57.529,37.529,0.000,0-2-1,3-1-2,603457,2025-10-05,
Wash. & Jeff.,PAC,REGION VII,,267,46.912,,4-5-2,57.529,37.529,0.000,0-5-1,4-0-1,603289,2025-10-05,
Randolph,ODAC,REGION VI,,268,46.888,,5-4-1,57.510,37.510,0.000,1-2,3-2-1,603239,2025-10-05,
Allegheny,PAC,REGION VII,,269,46.806,,2-6-4,57.445,37.445,0.000,1-6-3,0-0-1,603425,2025-10-05,
Mt. St. Mary (NY),Skyline,REGION III,,270,46.783,,5-6-1,57.426,37.426,0.000,0-6,5-0-1,603363,2025-10-05,
Dallas,SCAC,REGION X,T,271,46.721,,2-5-1,57.377,37.377,0.000,0-5,2-0-1,603330,2025-10-05,
Franciscan,PAC,REGION VII,,272,46.674,,2-6-2,57.339,37.339,0.000,1-6-2,1-0,603464,2025-10-05,
Lewis & Clark,NWC,REGION X,W,273,46.645,,2-5-2,57.316,37.316,0.000,0-5-2,2-0,603401,2025-10-05,
Westfield St. (AQ),MASCAC,REGION II,,274,46.614,,3-4-4,57.291,37.291,0.000,1-4-1,2-0-3,603298,2025-10-05,
Northwestern-St. Paul,UMAC,REGION IX,,275,46.613,,4-4-2,57.291,37.291,0.000,0-2-1,4-2-1,603411,2025-10-05,
King's (PA),MAC Freedom,REGION IV,,276,46.589,,3-7-1,57.271,37.271,0.000,0-7-1,3-0,603657,2025-10-05,
Muhlenberg,Centennial,REGION V,,277,46.526,,3-7-1,57.221,37.221,0.000,1-6-1,2-1,603209,2025-10-05,
Bard,Liberty League,REGION III,,278,46.517,,3-6,57.214,37.214,0.000,1-6,2-0,603325,2025-10-05,
Farmingdale St.,Skyline,REGION III,,279,46.465,,4-8-1,57.172,37.172,0.000,1-8-1,3-0,603746,2025-10-05,
Oberlin,NCAC,REGION VII,,280,46.339,,3-5-3,57.071,37.071,0.000,0-5-3,3-0,603222,2025-10-05,
Principia,SLIAC,REGION VIII,,281,46.267,,2-1,57.013,37.013,0.000,0-1,2-0,603235,2025-10-05,
Moravian,Landmark,REGION V,,282,46.238,,1-7-2,56.991,36.991,0.000,1-7-2,0-0,603205,2025-10-05,
Penn St.-Altoona,AMCC,REGION VII,,283,46.199,,3-4-3,56.959,36.959,0.000,0-4-2,3-0-1,603408,2025-10-05,
Curry,CNE,REGION II,,284,46.168,,4-5-2,56.934,36.934,0.000,1-5-1,3-0-1,603520,2025-10-05,
Hood,MAC Commonwealth,REGION V,,285,46.165,,3-7-1,56.932,36.932,0.000,1-7-1,2-0,603372,2025-10-05,
Neb. Wesleyan,American Rivers,REGION IX,,286,45.994,,2-4-2,56.795,36.795,0.000,1-3-1,1-1-1,603212,2025-10-05,
Hendrix,SCAC,REGION X,L,287,45.951,,2-4-2,56.761,36.761,0.000,0-4-1,2-0-1,603336,2025-10-05,
East. Mennonite,ODAC,REGION VI,,288,45.927,,3-5-1,56.741,36.741,0.000,1-5-1,0-0,603540,2025-10-05,
Bridgewater St.,MASCAC,REGION II,,289,45.897,,3-6-2,56.717,36.717,0.000,0-6-2,3-0,603752,2025-10-05,
VTSU-Johnson,North Atlantic,REGION I,,290,45.811,,4-3-2,56.649,36.649,0.000,0-3-2,4-0,603641,2025-10-05,
Regis (MA),Great Northeast,REGION I,,291,45.803,,3-7-2,56.642,36.642,0.000,0-7-2,3-0,603241,2025-10-05,
Alfred St.,AMCC,REGION VII,,292,45.782,,7-4,56.625,36.625,0.000,0-4,6-0,603470,2025-10-05,
Augustana (IL),CCIW,REGION VIII,,293,45.710,,3-6-2,56.568,36.568,0.000,1-6-1,2-0-1,603430,2025-10-05,
Penn St.-Abington,United East,REGION IV,,294,45.685,,3-6-1,56.548,36.548,0.000,1-5,2-1-1,603473,2025-10-05,
Berea,HCAC,REGION VII,T,295,45.653,,4-3-1,56.522,36.522,0.000,0-3,4-0-1,603479,2025-10-05,
Adrian,Michigan Intercol. Ath. Assn.,REGION VIII,,296,45.527,,3-6-1,56.422,36.422,0.000,1-5-1,2-1,603485,2025-10-05,
Transylvania,HCAC,REGION VII,,297,45.522,,2-7-2,56.417,36.417,0.000,0-7-2,2-0,603409,2025-10-05,
Gwynedd Mercy,Atlantic East,REGION V,,298,45.520,,6-4-1,56.416,36.416,0.000,0-3-1,5-1,603390,2025-10-05,
Framingham St.,MASCAC,REGION II,,299,45.514,,3-5-2,56.412,36.412,0.000,1-4-2,2-1,603576,2025-10-05,
Mount Holyoke,NEWMAC,REGION II,,300,45.387,,1-4-3,56.310,36.310,0.000,0-4-3,1-0,603206,2025-10-05,
Concordia (TX),SCAC,REGION X,T,301,45.299,,2-6-1,56.239,36.239,0.000,1-6,1-0-1,603407,2025-10-05,
Baldwin Wallace,OAC,REGION VII,,302,45.285,,1-8-2,56.228,36.228,0.000,1-8-2,0-0,603434,2025-10-05,
Russell Sage,Empire 8,REGION III,,303,45.266,,3-7-1,56.213,36.213,0.000,0-7-1,3-0,603387,2025-10-05,
Agnes Scott,CCS,REGION VI,,304,45.192,,4-4-1,56.154,36.154,0.000,0-3-1,3-1,603388,2025-10-05,
LaGrange,CCS,REGION VI,,305,45.189,,3-5-2,56.151,36.151,0.000,1-4-1,2-1-1,603339,2025-10-05,
Saint Joseph (CT),Great Northeast,REGION I,,306,45.146,,3-6-1,56.117,36.117,0.000,0-5,3-1-1,603378,2025-10-05,
Me.-Farmington,North Atlantic,REGION I,,307,44.986,,5-3-1,55.989,35.989,0.000,0-3,5-0-1,603191,2025-10-05,
LeTourneau,SCAC,REGION X,L,308,44.943,,3-5-1,55.955,35.955,0.000,1-4-1,2-1,603374,2025-10-05,
Willamette,NWC,REGION X,,309,44.876,,1-5-3,55.901,35.901,0.000,0-5-1,1-0-2,603305,2025-10-05,
Coast Guard,NEWMAC,REGION II,,310,44.853,,1-8-2,55.883,35.883,0.000,1-8-2,0-0,603282,2025-10-05,
Westminster (PA),PAC,REGION VII,,311,44.764,,1-6-3,55.811,35.811,0.000,0-6-3,1-0,603359,2025-10-05,
George Fox,NWC,REGION X,T,312,44.750,,0-4-5,55.800,35.800,0.000,0-4-4,0-0-1,603333,2025-10-05,
Meredith,USA South,REGION VI,L,313,44.661,,1-8-2,55.729,35.729,0.000,0-8-2,1-0,603199,2025-10-05,
Schreiner,SCAC,REGION X,L,314,44.605,,2-4,55.684,35.684,0.000,1-4,1-0,603355,2025-10-05,
Bethany Lutheran,UMAC,REGION IX,,315,44.567,,3-5-2,55.653,35.653,0.000,1-5-1,2-0-1,603454,2025-10-05,
Colby-Sawyer,Great Northeast,REGION I,,316,44.534,,4-6-3,55.627,35.627,0.000,0-6-3,4-0,603508,2025-10-05,
Westminster (MO),SLIAC,REGION VIII,,317,44.532,,3-4,55.626,35.626,0.000,0-4,3-0,603358,2025-10-05,
St. Norbert,NACC,REGION VIII,T,318,44.516,,2-9-1,55.612,35.612,0.000,1-9,1-0-1,603260,2025-10-05,
Smith,NEWMAC,REGION II,,319,44.509,,1-7-1,55.607,35.607,0.000,0-7-1,1-0,603270,2025-10-05,
Immaculata,Atlantic East,REGION V,,320,44.402,,2-6-1,55.521,35.521,0.000,0-6-1,2-0,603632,2025-10-05,
Martin Luther,UMAC,REGION IX,,321,44.395,,6-4,55.516,35.516,0.000,0-3,6-1,603376,2025-10-05,
Pratt,Atlantic East,REGION V,,322,44.332,,4-3-2,55.466,35.466,0.000,0-2-1,4-0-1,603419,2025-10-05,
N.C. Wesleyan,USA South,REGION VI,,323,44.291,,2-7,55.433,35.433,0.000,1-6,1-0,603219,2025-10-05,
Beloit,MWC,REGION IX,,324,44.180,,2-7-2,55.344,35.344,0.000,0-7-1,2-0-1,603436,2025-10-05,
Neumann,Atlantic East,REGION V,,325,44.168,,2-8-2,55.334,35.334,0.000,0-8-1,2-0-1,603348,2025-10-05,
Sarah Lawrence,Skyline,REGION III,,326,43.972,,2-8-1,55.177,35.177,0.000,0-8-1,2-0,603475,2025-10-05,
Knox,MWC,REGION IX,,327,43.924,,3-7-1,55.139,35.139,0.000,0-7,3-0-1,603660,2025-10-05,
Old Westbury,Skyline,REGION III,,328,43.891,,5-4,55.113,35.113,0.000,0-4,5-0,603225,2025-10-05,
Delaware Valley,MAC Freedom,REGION IV,,329,43.842,,3-7-1,55.073,35.073,0.000,1-7-1,2-0,603522,2025-10-05,
Hilbert,AMCC,REGION VII,,330,43.807,,5-4-1,55.046,35.046,0.000,0-4,4-0-1,603371,2025-10-05,
Coe,American Rivers,REGION IX,,331,43.756,,2-6-3,55.005,35.005,0.000,0-6-2,2-0-1,603504,2025-10-05,
Elmira,Empire 8,REGION III,,332,43.639,,2-8-1,54.911,34.911,0.000,1-8-1,1-0,603547,2025-10-05,
Wilson,United East,REGION IV,,333,43.534,,2-6-2,54.827,34.827,0.000,1-6-2,1-0,603392,2025-10-05,
Ozarks (AR),SCAC,REGION X,T,334,43.409,,2-4-2,54.727,34.727,0.000,0-4-1,2-0-1,603403,2025-10-05,
Keuka,Empire 8,REGION III,,335,43.385,,0-7-3,54.708,34.708,0.000,0-7-3,0-0,603338,2025-10-05,
Averett,ODAC,REGION VI,,336,43.339,,1-7-1,54.671,34.671,0.000,0-7-1,1-0,603432,2025-10-05,
Redlands,SCIAC,REGION X,,337,43.296,,0-6-2,54.637,34.637,0.000,0-6-2,0-0,603240,2025-10-05,
Centenary (NJ),Atlantic East,REGION V,,338,43.292,,3-5-2,54.634,34.634,0.000,0-5-1,3-0-1,603391,2025-10-05,
Whitworth,NWC,REGION X,L,339,43.287,,0-5-3,54.630,34.630,0.000,0-5-3,0-0,603360,2025-10-05,
Aurora,NACC,REGION VIII,,340,43.285,,2-8,54.628,34.628,0.000,0-8,2-0,603431,2025-10-05,
Concordia-M'head,MIAC,REGION IX,,341,43.066,,0-6-4,54.453,34.453,0.000,0-5-3,0-1-1,603511,2025-10-05,
Concordia Chicago,NACC,REGION VIII,T,342,42.987,,2-9-2,54.389,34.389,0.000,0-9-2,2-0,603509,2025-10-05,
Simmons,Great Northeast,REGION I,,343,42.980,,3-6-1,54.384,34.384,0.000,0-6,3-0-1,603267,2025-10-05,
Manhattanville,Skyline,REGION III,,344,42.888,,3-7,54.310,34.310,0.000,0-7,3-0,603192,2025-10-05,
Bethel (MN),MIAC,REGION IX,,345,42.656,,1-9-1,54.125,34.125,0.000,1-9-1,0-0,603438,2025-10-05,
Hollins,ODAC,REGION VI,,346,42.491,,2-6,53.993,33.993,0.000,0-5,2-0,603620,2025-10-05,
SUNY Maritime,Skyline,REGION III,,347,42.487,,3-5,53.989,33.989,0.000,0-5,3-0,603214,2025-10-05,
New England Col.,Great Northeast,REGION I,,348,42.366,,4-5-2,53.892,33.892,0.000,0-5-1,4-0-1,603213,2025-10-05,
Bluffton,HCAC,REGION VII,,349,42.340,,2-6,53.872,33.872,0.000,0-6,2-0,603328,2025-10-05,
Franklin,HCAC,REGION VII,,350,41.917,,1-8-1,53.534,33.534,0.000,0-8-1,1-0,603364,2025-10-05,
La Roche,AMCC,REGION VII,,351,41.843,,3-5,53.475,33.475,0.000,0-5,2-0,603340,2025-10-05,
Ripon,MWC,REGION IX,,352,41.701,,2-6-2,53.361,33.361,0.000,0-6-1,2-0-1,603245,2025-10-05,
Buena Vista,American Rivers,REGION IX,,353,41.500,,1-6,53.200,33.200,0.000,1-5,0-1,603446,2025-10-05,
Benedictine (IL),NACC,REGION VIII,,354,41.375,,1-10,53.100,33.100,0.000,0-10,1-0,603625,2025-10-05,
Goucher,Landmark,REGION V,,355,41.335,,1-10,53.068,33.068,0.000,0-10,1-0,603362,2025-10-05,
Millsaps,SAA,REGION VI,L,356,41.187,,1-7-2,52.950,32.950,0.000,0-6-2,1-1,603202,2025-10-05,
CCNY,CUNYAC,REGION IV,,357,41.064,,1-5-1,52.851,32.851,0.000,0-5-1,1-0,603216,2025-10-05,
MCLA,MASCAC,REGION II,,358,41.002,,1-6-1,52.802,32.802,0.000,1-6,0-0-1,603218,2025-10-05,
Minn.-Morris,UMAC,REGION IX,,359,40.989,,2-8-2,52.791,32.791,0.000,1-7-2,1-1,603347,2025-10-05,
Earlham,HCAC,REGION VII,,360,40.844,,2-7,52.675,32.675,0.000,0-6,2-1,603535,2025-10-05,
Thomas (ME),North Atlantic,REGION I,,361,40.811,,2-9-1,52.649,32.649,0.000,0-9-1,2-0,603369,2025-10-05,
Nichols,CNE,REGION II,,362,40.712,,1-10-1,52.570,32.570,0.000,0-10-1,1-0,603217,2025-10-05,
SUNY Delhi,North Atlantic,REGION I,,363,40.621,,2-8-1,52.497,32.497,0.000,0-8-1,2-0,603420,2025-10-05,
William Peace,USA South,REGION VI,,364,40.602,,1-6-1,52.481,32.481,0.000,0-5,1-1,603396,2025-10-05,
Muskingum,OAC,REGION VII,,365,40.534,,2-8,52.427,32.427,0.000,1-8,1-0,603210,2025-10-05,
Notre Dame (MD),United East,REGION IV,,366,40.512,,1-7,52.410,32.410,0.000,1-7,0-0,603377,2025-10-05,
Hiram,PAC,REGION VII,,367,40.464,,4-7,52.372,32.372,0.000,0-7,3-0,603617,2025-10-05,
Centenary (LA),SCAC,REGION X,T,368,40.401,,1-7-1,52.320,32.320,0.000,1-6-1,0-1,603490,2025-10-05,
Pfeiffer,USA South,REGION VI,,369,40.374,,1-4,52.299,32.299,0.000,1-3,0-0,603483,2025-10-05,
Cornell College,MWC,REGION IX,,370,40.374,,2-9,52.299,32.299,0.000,1-9,1-0,603515,2025-10-05,
Bethany (WV),PAC,REGION VII,,371,40.160,,1-8,52.128,32.128,0.000,0-8,1-0,603437,2025-10-05,
Huntingdon,CCS,REGION VI,,372,40.110,,1-8-1,52.088,32.088,0.000,1-8,0-0-1,603337,2025-10-05,
Warren Wilson,C2C,REGION VI,,373,39.995,,1-5-2,51.996,31.996,0.000,0-5-1,1-0,603560,2025-10-05,
Purchase,Skyline,REGION III,,374,39.818,,3-6,51.854,31.854,0.000,0-6,3-0,603410,2025-10-05,
Albright,MAC Commonwealth,REGION V,,375,39.751,,0-10-1,51.800,31.800,0.000,0-10-1,0-0,603423,2025-10-05,
Brooklyn,CUNYAC,REGION IV,,376,39.627,,2-8,51.702,31.702,0.000,0-7,2-0,603444,2025-10-05,
Fitchburg St.,MASCAC,REGION II,,377,39.253,,1-9,51.403,31.403,0.000,1-9,0-0,603573,2025-10-05,
Anna Maria,MASCAC,REGION II,,378,39.228,,1-8-2,51.382,31.382,0.000,0-8-2,1-0,603428,2025-10-05,
Cedar Crest,United East,REGION IV,,379,39.080,,2-8,51.264,31.264,0.000,0-7,2-0,603394,2025-10-05,
Dean,Great Northeast,REGION I,,380,38.730,,1-7-1,50.984,30.984,0.000,0-7-1,1-0,603469,2025-10-05,
Blackburn,SLIAC,REGION VIII,,381,38.691,,1-3,50.953,30.953,0.000,0-3,1-0,603439,2025-10-05,
Saint Elizabeth,Atlantic East,REGION V,,382,38.668,,2-3,50.935,30.935,0.000,0-3,2-0,603385,2025-10-05,
Sweet Briar,ODAC,REGION VI,,383,38.575,,3-5,50.860,30.860,0.000,0-5,2-0,603278,2025-10-05,
MUW,SLIAC,REGION VIII,T,384,38.460,,0-9-2,50.768,30.768,0.000,0-9-2,0-0,603416,2025-10-05,
Crown (MN),UMAC,REGION IX,,385,38.333,,0-7-2,50.667,30.667,0.000,0-7-1,0-0-1,603413,2025-10-05,
Cairn,United East,REGION IV,,386,38.168,,0-7-1,50.534,30.534,0.000,0-7-1,0-0,603351,2025-10-05,
Olivet,Michigan Intercol. Ath. Assn.,REGION VIII,,387,38.085,,2-8,50.468,30.468,0.000,0-8,2-0,603226,2025-10-05,
SUNY Morrisville,SUNYAC,REGION III,,388,37.899,,1-6-1,50.319,30.319,0.000,0-6,1-0-1,603463,2025-10-05,
Me.-Presque Isle,North Atlantic,REGION I,,389,37.658,,1-6,50.126,30.126,0.000,0-6,1-0,603456,2025-10-05,
Eureka,SLIAC,REGION VIII,,390,37.574,,1-5,50.059,30.059,0.000,0-5,1-0,603566,2025-10-05,
York (NY),CUNYAC,REGION IV,,391,36.370,,2-5,49.096,29.096,0.000,0-5,2-0,603366,2025-10-05,
Lakeland,NACC,REGION VIII,,392,36.199,,0-9-1,48.959,28.959,0.000,0-9-1,0-0,603341,2025-10-05,
Wesleyan (GA),CCS,REGION VI,,393,36.154,,0-8,48.923,28.923,0.000,0-7,0-0,603393,2025-10-05,
SUNY Poly,Empire 8,REGION III,,394,35.909,,0-8-1,48.727,28.727,0.000,0-8-1,0-0,603384,2025-10-05,
Mitchell,Great Northeast,REGION I,,395,35.864,,1-5,48.691,28.691,0.000,0-5,1-0,603458,2025-10-05,
North Central (MN),UMAC,REGION IX,,396,35.252,,0-6-1,48.202,28.202,0.000,0-6-1,0-0,603455,2025-10-05,
Rockford,NACC,REGION VIII,,397,35.184,,1-10,48.147,28.147,0.000,0-10,1-0,603249,2025-10-05,
Pitt.-Bradford,AMCC,REGION VII,,398,35.111,,1-7,48.089,28.089,0.000,0-7,1-0,603352,2025-10-05,
SUNY Canton,SUNYAC,REGION III,,399,35.046,,0-10,48.037,28.037,0.000,0-10,0-0,603477,2025-10-05,
Lyon,SLIAC,REGION VIII,,400,34.727,,0-4,47.782,27.782,0.000,0-4,0-0,603556,2025-10-05,
Valley Forge,United East,REGION IV,,401,33.352,,1-7,46.681,26.681,0.000,0-6,1-0,603478,2025-10-05,
Thiel,PAC,REGION VII,,402,32.372,,0-8,45.897,25.897,0.000,0-8,0-0,603279,2025-10-05,
St. Joseph's (Brkln),Skyline,REGION III,,403,31.854,,0-8,45.483,25.483,0.000,0-8,0-0,603465,2025-10-05,
Mass. Maritime,MASCAC,REGION II,,404,31.382,,0-11,45.106,25.106,0.000,0-11,0-0,603196,2025-10-05,
Trinity Washington,DIII Independent,REGION V,,405,30.860,,0-5,44.688,24.688,0.000,0-4,0-0,603405,2025-10-05,
Manchester,HCAC,REGION VII,,406,30.468,,0-6,44.375,24.375,0.000,0-6,0-0,603343,2025-10-05,
VTSU Lyndon,North Atlantic,REGION I,,407,30.126,,0-4,44.101,24.101,0.000,0-4,0-0,603462,2025-10-05,
Keystone,United East,REGION IV,,408,29.096,,0-7,43.277,23.277,0.000,0-7,0-0,603460,2025-10-05,
Yeshiva,Skyline,REGION III,,409,28.691,,0-8,42.953,22.953,0.000,0-8,0-0,603320,2025-10-05,
Maranatha Baptist,DIII Independent,REGION VIII,,410,28.147,,0-5,42.518,22.518,0.000,0-5,0-0,603344,2025-10-05,
SUNY Cobleskill,North Atlantic,REGION I,,411,28.089,,0-7,42.471,22.471,0.000,0-7,0-0,603467,2025-10-05,
Lehman,CUNYAC,REGION IV,,412,26.681,,0-6,41.345,21.345,0.000,0-6,0-0,603614,2025-10-05,
Alverno,NACC,REGION VIII,,413,0.000,,0-0,0.000,,0.000,0-0,0-0,603187,2025-10-05,
Medgar Evers,CUNYAC,REGION IV,,413,0.000,,0-0,0.000,,0.000,0-0,0-0,603198,2025-10-05,
Carlow,AMCC,REGION VII,,,,,0-7,,,,,,603559,2025-10-05,
Penn St Brandywine,United East,REGION IV,,,,,5-3-1,,,,,,603676,2025-10-05,
Regent,C2C,REGION VI,,,,,1-8-2,,,,,,613537,2025-10-05,
JWU Charlotte,C2C,REGION VI,L,,,,5-5,,,,,,613538,2025-10-05,
